{
  "POST /meetings" : {
    "transaction" : "POST /meetings",
    "sampleCount" : 41752,
    "errorCount" : 0,
    "errorPct" : 0.0,
    "meanResTime" : 551.141190841157,
    "medianResTime" : 660.0,
    "minResTime" : 10.0,
    "maxResTime" : 3995.0,
    "pct1ResTime" : 918.0,
    "pct2ResTime" : 1451.0,
    "pct3ResTime" : 3823.0,
    "throughput" : 680.8982533961741,
    "receivedKBytesPerSec" : 104.21872324442668,
    "sentKBytesPerSec" : 204.80142777931798
  },
  "Total" : {
    "transaction" : "Total",
    "sampleCount" : 41752,
    "errorCount" : 0,
    "errorPct" : 0.0,
    "meanResTime" : 551.141190841157,
    "medianResTime" : 660.0,
    "minResTime" : 10.0,
    "maxResTime" : 3995.0,
    "pct1ResTime" : 918.0,
    "pct2ResTime" : 1451.0,
    "pct3ResTime" : 3823.0,
    "throughput" : 680.8982533961741,
    "receivedKBytesPerSec" : 104.21872324442668,
    "sentKBytesPerSec" : 204.80142777931798
  }
}