{
  "Total" : {
    "transaction" : "Total",
    "sampleCount" : 39592,
    "errorCount" : 0,
    "errorPct" : 0.0,
    "meanResTime" : 285.5394776722581,
    "medianResTime" : 390.0,
    "minResTime" : 5.0,
    "maxResTime" : 465.0,
    "pct1ResTime" : 422.0,
    "pct2ResTime" : 433.0,
    "pct3ResTime" : 453.0,
    "throughput" : 657.2595371692287,
    "receivedKBytesPerSec" : 13403.858315141604,
    "sentKBytesPerSec" : 90.50155736412232
  },
  "GET /meetings" : {
    "transaction" : "GET /meetings",
    "sampleCount" : 39592,
    "errorCount" : 0,
    "errorPct" : 0.0,
    "meanResTime" : 285.5394776722581,
    "medianResTime" : 390.0,
    "minResTime" : 5.0,
    "maxResTime" : 465.0,
    "pct1ResTime" : 422.0,
    "pct2ResTime" : 433.0,
    "pct3ResTime" : 453.0,
    "throughput" : 657.2595371692287,
    "receivedKBytesPerSec" : 13403.858315141604,
    "sentKBytesPerSec" : 90.50155736412232
  }
}